Date,Gold,Oil,interest_rate,USD_IDR
2021-03-30,1683.9000244140625,60.54999923706055,0.07,14508.0
2021-03-31,1713.800048828125,59.15999984741211,0.06,14508.0
2021-04-01,1726.5,61.45000076293945,0.07,14508.0
2021-04-05,1727.0,58.650001525878906,0.07,14550.0
2021-04-06,1741.5,59.33000183105469,0.07,14550.0
2021-04-07,1740.0999755859375,59.77000045776367,0.07,14550.0
2021-04-08,1756.800048828125,59.599998474121094,0.07,14550.0
2021-04-09,1743.300048828125,59.31999969482422,0.07,14550.0
2021-04-12,1731.199951171875,59.70000076293945,0.07,14607.0
2021-04-13,1746.199951171875,60.18000030517578,0.07,14607.0
2021-04-14,1734.9000244140625,63.150001525878906,0.07,14607.0
2021-04-15,1765.4000244140625,63.459999084472656,0.07,14607.0
2021-04-16,1779.0,63.130001068115234,0.07,14607.0
2021-04-19,1769.4000244140625,63.380001068115234,0.07,14530.0
2021-04-20,1777.300048828125,62.439998626708984,0.07,14530.0
2021-04-21,1792.300048828125,61.349998474121094,0.07,14530.0
2021-04-22,1781.199951171875,61.43000030517578,0.07,14530.0
2021-04-23,1777.0,62.13999938964844,0.07,14530.0
2021-04-26,1779.199951171875,61.90999984741211,0.07,14466.0
2021-04-27,1778.0,62.939998626708984,0.07,14466.0
2021-04-28,1773.199951171875,63.86000061035156,0.07,14466.0
2021-04-29,1768.0999755859375,65.01000213623047,0.06,14466.0
2021-04-30,1767.300048828125,63.58000183105469,0.05,14466.0
2021-05-03,1791.4000244140625,64.48999786376953,0.06,14378.0
2021-05-04,1775.800048828125,65.69000244140625,0.06,14378.0
2021-05-05,1784.0999755859375,65.62999725341797,0.06,14378.0
2021-05-06,1815.5,64.70999908447266,0.06,14378.0
2021-05-07,1831.0999755859375,64.9000015258789,0.06,14378.0
2021-05-10,1837.5,64.91999816894531,0.06,14239.0
2021-05-11,1835.9000244140625,65.27999877929688,0.06,14239.0
2021-05-12,1822.5999755859375,66.08000183105469,0.06,14239.0
2021-05-13,1823.800048828125,63.81999969482422,0.06,14239.0
2021-05-14,1837.9000244140625,65.37000274658203,0.06,14239.0
2021-05-17,1867.5,66.2699966430664,0.06,14352.0
2021-05-18,1867.800048828125,65.48999786376953,0.06,14352.0
2021-05-19,1881.300048828125,63.36000061035156,0.06,14352.0
2021-05-20,1881.800048828125,62.04999923706055,0.06,14352.0
2021-05-21,1876.699951171875,63.58000183105469,0.06,14352.0
2021-05-24,1884.5999755859375,66.05000305175781,0.06,14323.0
2021-05-25,1898.0999755859375,66.06999969482422,0.06,14323.0
2021-05-26,1901.300048828125,66.20999908447266,0.06,14323.0
2021-05-27,1895.699951171875,66.8499984741211,0.06,14323.0
2021-05-28,1902.5,66.31999969482422,0.05,14323.0
2021-05-31,1902.5,66.31999969482422,0.05,14282.0
2021-06-01,1902.9000244140625,67.72000122070312,0.06,14282.0
2021-06-02,1907.5,68.83000183105469,0.06,14282.0
2021-06-03,1871.199951171875,68.80999755859375,0.06,14282.0
2021-06-04,1889.800048828125,69.62000274658203,0.06,14282.0
2021-06-07,1896.800048828125,69.2300033569336,0.06,14242.0
2021-06-08,1892.199951171875,70.05000305175781,0.06,14242.0
2021-06-09,1893.199951171875,69.95999908447266,0.06,14242.0
2021-06-10,1894.199951171875,70.29000091552734,0.06,14242.0
2021-06-11,1877.4000244140625,70.91000366210938,0.06,14242.0
2021-06-14,1864.0,70.87999725341797,0.06,14330.0
2021-06-15,1854.5,72.12000274658203,0.06,14330.0
2021-06-16,1859.5,72.1500015258789,0.06,14330.0
2021-06-17,1773.800048828125,71.04000091552734,0.1,14330.0
2021-06-18,1767.9000244140625,71.63999938964844,0.1,14330.0
2021-06-21,1781.800048828125,73.66000366210938,0.1,14446.0
2021-06-22,1776.300048828125,73.05999755859375,0.1,14446.0
2021-06-23,1782.300048828125,73.08000183105469,0.1,14446.0
2021-06-24,1775.5999755859375,73.30000305175781,0.1,14446.0
2021-06-25,1776.5999755859375,74.05000305175781,0.1,14446.0
2021-06-28,1779.5999755859375,72.91000366210938,0.1,14539.0
2021-06-29,1762.800048828125,72.9800033569336,0.1,14539.0
2021-06-30,1770.800048828125,73.47000122070312,0.08,14539.0
2021-07-01,1775.9000244140625,75.2300033569336,0.1,14539.0
2021-07-02,1782.5999755859375,75.16000366210938,0.1,14539.0
2021-07-05,1782.5999755859375,75.16000366210938,0.1,14510.0
2021-07-06,1793.5,73.37000274658203,0.1,14510.0
2021-07-07,1801.5,72.19999694824219,0.1,14510.0
2021-07-08,1799.5999755859375,72.94000244140625,0.1,14510.0
2021-07-09,1810.0,74.55999755859375,0.1,14510.0
2021-07-12,1805.5,74.0999984741211,0.1,14492.0
2021-07-13,1809.4000244140625,75.25,0.1,14492.0
2021-07-14,1824.300048828125,73.12999725341797,0.1,14492.0
2021-07-15,1828.4000244140625,71.6500015258789,0.1,14492.0
2021-07-16,1814.5,71.80999755859375,0.1,14492.0
2021-07-19,1808.699951171875,66.41999816894531,0.1,14531.0
2021-07-20,1810.9000244140625,67.41999816894531,0.1,14531.0
2021-07-21,1802.9000244140625,70.30000305175781,0.1,14531.0
2021-07-22,1805.0,71.91000366210938,0.1,14531.0
2021-07-23,1801.4000244140625,72.06999969482422,0.1,14531.0
2021-07-26,1798.699951171875,71.91000366210938,0.1,14479.0
2021-07-27,1799.5,71.6500015258789,0.1,14479.0
2021-07-28,1799.5,72.38999938964844,0.1,14479.0
2021-07-29,1831.199951171875,73.62000274658203,0.1,14479.0
2021-07-30,1812.5999755859375,73.94999694824219,0.07,14479.0
2021-08-02,1818.0999755859375,71.26000213623047,0.1,14333.0
2021-08-03,1810.0999755859375,70.55999755859375,0.1,14333.0
2021-08-04,1810.5,68.1500015258789,0.1,14333.0
2021-08-05,1805.0999755859375,69.08999633789062,0.1,14333.0
2021-08-06,1760.0,68.27999877929688,0.1,14333.0
2021-08-09,1723.4000244140625,66.4800033569336,0.1,14378.0
2021-08-10,1728.800048828125,68.29000091552734,0.1,14378.0
2021-08-11,1750.4000244140625,69.25,0.1,14378.0
2021-08-12,1749.0,69.08999633789062,0.1,14378.0
2021-08-13,1775.199951171875,68.44000244140625,0.1,14378.0
2021-08-16,1786.9000244140625,67.29000091552734,0.1,14418.0
2021-08-17,1785.0,66.58999633789062,0.1,14418.0
2021-08-18,1781.5999755859375,65.45999908447266,0.09,14418.0
2021-08-19,1780.199951171875,63.689998626708984,0.09,14418.0
2021-08-20,1781.0,62.31999969482422,0.09,14418.0
2021-08-23,1803.199951171875,65.63999938964844,0.09,14420.0
2021-08-24,1805.5999755859375,67.54000091552734,0.09,14420.0
2021-08-25,1788.199951171875,68.36000061035156,0.09,14420.0
2021-08-26,1792.199951171875,67.41999816894531,0.09,14420.0
2021-08-27,1816.5999755859375,68.73999786376953,0.08,14420.0
2021-08-30,1809.0,69.20999908447266,0.08,14278.0
2021-08-31,1815.0,68.5,0.06,14278.0
2021-09-01,1813.0999755859375,68.58999633789062,0.08,14278.0
2021-09-02,1808.699951171875,69.98999786376953,0.08,14278.0
2021-09-03,1830.9000244140625,69.29000091552734,0.08,14278.0
2021-09-06,1830.9000244140625,69.29000091552734,0.08,14238.0
2021-09-07,1795.9000244140625,68.3499984741211,0.08,14238.0
2021-09-08,1790.699951171875,69.30000305175781,0.08,14238.0
2021-09-09,1797.4000244140625,68.13999938964844,0.08,14238.0
2021-09-10,1789.5999755859375,69.72000122070312,0.08,14238.0
2021-09-13,1792.0,70.44999694824219,0.08,14247.0
2021-09-14,1804.699951171875,70.45999908447266,0.08,14247.0
2021-09-15,1792.4000244140625,72.61000061035156,0.08,14247.0
2021-09-16,1754.5999755859375,72.61000061035156,0.08,14247.0
2021-09-17,1749.4000244140625,71.97000122070312,0.08,14247.0
2021-09-20,1761.800048828125,70.29000091552734,0.08,14258.0
2021-09-21,1776.0,70.55999755859375,0.08,14258.0
2021-09-22,1776.699951171875,72.2300033569336,0.08,14258.0
2021-09-23,1747.699951171875,73.30000305175781,0.08,14258.0
2021-09-24,1749.699951171875,73.9800033569336,0.08,14258.0
2021-09-27,1750.0,75.44999694824219,0.08,14289.0
2021-09-28,1735.800048828125,75.29000091552734,0.08,14289.0
2021-09-29,1721.5,74.83000183105469,0.08,14289.0
2021-09-30,1755.300048828125,75.02999877929688,0.06,14289.0
2021-10-01,1757.0,75.87999725341797,0.08,14289.0
2021-10-04,1766.199951171875,77.62000274658203,0.08,14230.0
2021-10-05,1759.5999755859375,78.93000030517578,0.08,14230.0
2021-10-06,1760.5,77.43000030517578,0.08,14230.0
2021-10-07,1757.9000244140625,78.30000305175781,0.08,14230.0
2021-10-08,1756.300048828125,79.3499984741211,0.08,14230.0
2021-10-11,1754.5999755859375,80.5199966430664,0.08,14151.0
2021-10-12,1758.300048828125,80.63999938964844,0.08,14151.0
2021-10-13,1793.699951171875,80.44000244140625,0.08,14151.0
2021-10-14,1796.699951171875,81.30999755859375,0.08,14151.0
2021-10-15,1767.199951171875,82.27999877929688,0.08,14151.0
2021-10-18,1764.800048828125,82.44000244140625,0.08,14129.0
2021-10-19,1769.699951171875,82.95999908447266,0.08,14129.0
2021-10-20,1784.0999755859375,83.87000274658203,0.08,14129.0
2021-10-21,1781.199951171875,82.5,0.08,14129.0
2021-10-22,1795.5,83.76000213623047,0.08,14129.0
2021-10-25,1806.0,83.76000213623047,0.08,14188.0
2021-10-26,1792.699951171875,84.6500015258789,0.08,14188.0
2021-10-27,1797.9000244140625,82.66000366210938,0.08,14188.0
2021-10-28,1801.5999755859375,82.80999755859375,0.08,14188.0
2021-10-29,1783.0,83.56999969482422,0.07,14188.0
2021-11-01,1795.0999755859375,84.05000305175781,0.08,14318.0
2021-11-02,1788.699951171875,83.91000366210938,0.08,14318.0
2021-11-03,1763.5999755859375,80.86000061035156,0.08,14318.0
2021-11-04,1793.0,78.80999755859375,0.08,14318.0
2021-11-05,1816.4000244140625,81.2699966430664,0.08,14318.0
2021-11-08,1827.4000244140625,81.93000030517578,0.08,14240.0
2021-11-09,1830.199951171875,84.1500015258789,0.08,14240.0
2021-11-10,1847.5999755859375,81.33999633789062,0.08,14240.0
2021-11-11,1863.199951171875,81.58999633789062,0.08,14240.0
2021-11-12,1867.9000244140625,80.79000091552734,0.08,14240.0
2021-11-15,1866.0999755859375,80.87999725341797,0.08,14234.0
2021-11-16,1853.5999755859375,80.76000213623047,0.08,14234.0
2021-11-17,1869.699951171875,78.36000061035156,0.08,14234.0
2021-11-18,1861.0,79.01000213623047,0.08,14234.0
2021-11-19,1851.199951171875,76.0999984741211,0.08,14234.0
2021-11-22,1806.0,76.75,0.08,14300.0
2021-11-23,1783.5,78.5,0.08,14300.0
2021-11-24,1784.0999755859375,78.38999938964844,0.08,14300.0
2021-11-26,1785.300048828125,68.1500015258789,0.08,14300.0
2021-11-29,1782.300048828125,69.94999694824219,0.08,14377.0
2021-11-30,1773.5999755859375,66.18000030517578,0.07,14377.0
2021-12-01,1781.5999755859375,65.56999969482422,0.08,14377.0
2021-12-02,1760.699951171875,66.5,0.08,14377.0
2021-12-03,1782.0,66.26000213623047,0.08,14377.0
2021-12-06,1777.5,69.48999786376953,0.08,14383.0
2021-12-07,1782.5999755859375,72.05000305175781,0.08,14383.0
2021-12-08,1783.4000244140625,72.36000061035156,0.08,14383.0
2021-12-09,1774.5999755859375,70.94000244140625,0.08,14383.0
2021-12-10,1782.9000244140625,71.66999816894531,0.08,14383.0
2021-12-13,1786.300048828125,71.29000091552734,0.08,14339.0
2021-12-14,1770.4000244140625,70.7300033569336,0.08,14339.0
2021-12-15,1762.5999755859375,70.87000274658203,0.08,14339.0
2021-12-16,1796.5999755859375,72.37999725341797,0.08,14339.0
2021-12-17,1803.800048828125,70.86000061035156,0.08,14339.0
2021-12-20,1793.699951171875,68.2300033569336,0.08,14263.0
2021-12-21,1787.9000244140625,71.12000274658203,0.08,14263.0
2021-12-22,1801.5999755859375,72.76000213623047,0.08,14263.0
2021-12-23,1811.199951171875,73.79000091552734,0.08,14263.0
2021-12-27,1808.0999755859375,75.56999969482422,0.08,14236.0
2021-12-28,1810.199951171875,75.9800033569336,0.08,14236.0
2021-12-29,1805.0999755859375,76.55999755859375,0.08,14236.0
2021-12-30,1812.699951171875,76.98999786376953,0.08,14236.0
2021-12-31,1827.5,75.20999908447266,0.07,14236.0
2022-01-03,1799.4000244140625,76.08000183105469,0.08,14345.0
2022-01-04,1814.0,76.98999786376953,0.08,14345.0
2022-01-05,1824.5999755859375,77.8499984741211,0.08,14345.0
2022-01-06,1788.699951171875,79.45999908447266,0.08,14345.0
2022-01-07,1797.0,78.9000015258789,0.08,14345.0
2022-01-10,1798.4000244140625,78.2300033569336,0.08,14308.0
2022-01-11,1818.5999755859375,81.22000122070312,0.08,14308.0
2022-01-12,1827.199951171875,82.63999938964844,0.08,14308.0
2022-01-13,1821.199951171875,82.12000274658203,0.08,14308.0
2022-01-14,1816.5,83.81999969482422,0.08,14308.0
2022-01-17,1816.5,83.81999969482422,0.08,14340.0
2022-01-18,1812.300048828125,85.43000030517578,0.08,14340.0
2022-01-19,1843.0999755859375,86.95999908447266,0.08,14340.0
2022-01-20,1842.5,86.9000015258789,0.08,14340.0
2022-01-21,1831.800048828125,85.13999938964844,0.08,14340.0
2022-01-24,1841.699951171875,83.30999755859375,0.08,14368.0
2022-01-25,1852.699951171875,85.5999984741211,0.08,14368.0
2022-01-26,1829.9000244140625,87.3499984741211,0.08,14368.0
2022-01-27,1793.300048828125,86.61000061035156,0.08,14368.0
2022-01-28,1784.9000244140625,86.81999969482422,0.08,14368.0
2022-01-31,1795.0,88.1500015258789,0.08,14364.0
2022-02-01,1800.300048828125,88.19999694824219,0.08,14364.0
2022-02-02,1809.199951171875,88.26000213623047,0.08,14364.0
2022-02-03,1803.0,90.2699966430664,0.08,14364.0
2022-02-04,1806.5999755859375,92.30999755859375,0.08,14364.0
2022-02-07,1820.5999755859375,91.31999969482422,0.08,14353.0
2022-02-08,1826.5999755859375,89.36000061035156,0.08,14353.0
2022-02-09,1835.199951171875,89.66000366210938,0.08,14353.0
2022-02-10,1836.199951171875,89.87999725341797,0.08,14353.0
2022-02-11,1840.800048828125,93.0999984741211,0.08,14353.0
2022-02-14,1868.0,95.45999908447266,0.08,14308.0
2022-02-15,1854.800048828125,92.06999969482422,0.08,14308.0
2022-02-16,1870.199951171875,93.66000366210938,0.08,14308.0
2022-02-17,1900.699951171875,91.76000213623047,0.08,14308.0
2022-02-18,1898.5999755859375,91.06999969482422,0.08,14308.0
2022-02-21,1898.5999755859375,91.06999969482422,0.08,14361.0
2022-02-22,1906.0999755859375,92.3499984741211,0.08,14361.0
2022-02-23,1909.199951171875,92.0999984741211,0.08,14361.0
2022-02-24,1925.0999755859375,92.80999755859375,0.08,14361.0
2022-02-25,1886.5,91.58999633789062,0.08,14361.0
2022-02-28,1899.4000244140625,95.72000122070312,0.08,14382.0
2022-03-01,1942.4000244140625,103.41000366210938,0.08,14382.0
2022-03-02,1920.9000244140625,110.5999984741211,0.08,14382.0
2022-03-03,1934.4000244140625,107.66999816894531,0.08,14382.0
2022-03-04,1965.0999755859375,115.68000030517578,0.08,14382.0
2022-03-07,1993.9000244140625,119.4000015258789,0.08,14320.0
2022-03-08,2040.0999755859375,123.69999694824219,0.08,14320.0
2022-03-09,1985.9000244140625,108.69999694824219,0.08,14320.0
2022-03-10,1998.0999755859375,106.0199966430664,0.08,14320.0
2022-03-11,1982.699951171875,109.33000183105469,0.08,14320.0
2022-03-14,1959.5999755859375,103.01000213623047,0.08,14307.0
2022-03-15,1928.5,96.44000244140625,0.08,14307.0
2022-03-16,1908.0,95.04000091552734,0.08,14307.0
2022-03-17,1942.0999755859375,102.9800033569336,0.33,14307.0
2022-03-18,1928.199951171875,104.69999694824219,0.33,14307.0
2022-03-21,1928.5999755859375,112.12000274658203,0.33,14354.0
2022-03-22,1920.699951171875,111.76000213623047,0.33,14354.0
2022-03-23,1936.5999755859375,114.93000030517578,0.33,14354.0
2022-03-24,1961.5999755859375,112.33999633789062,0.33,14354.0
2022-03-25,1953.800048828125,113.9000015258789,0.33,14354.0
2022-03-28,1939.5999755859375,105.95999908447266,0.33,14355.0
2022-03-29,1912.0,104.23999786376953,0.33,14355.0
2022-03-30,1933.5,107.81999969482422,0.33,14355.0
2022-03-31,1949.199951171875,100.27999877929688,0.33,14355.0
2022-04-01,1919.0999755859375,99.2699966430664,0.33,14355.0
2022-04-04,1929.199951171875,103.27999877929688,0.33,14357.0
2022-04-05,1922.9000244140625,101.95999908447266,0.33,14357.0
2022-04-06,1918.4000244140625,96.2300033569336,0.33,14357.0
2022-04-07,1933.800048828125,96.02999877929688,0.33,14357.0
2022-04-08,1941.5999755859375,98.26000213623047,0.33,14357.0
2022-04-11,1944.300048828125,94.29000091552734,0.33,14366.0
2022-04-12,1972.0999755859375,100.5999984741211,0.33,14366.0
2022-04-13,1981.0,104.25,0.33,14366.0
2022-04-14,1970.9000244140625,106.94999694824219,0.33,14366.0
2022-04-18,1982.9000244140625,108.20999908447266,0.33,14368.0
2022-04-19,1955.699951171875,102.55999755859375,0.33,14368.0
2022-04-20,1952.300048828125,102.75,0.33,14368.0
2022-04-21,1944.9000244140625,103.79000091552734,0.33,14368.0
2022-04-22,1931.0,102.06999969482422,0.33,14368.0
2022-04-25,1893.199951171875,98.54000091552734,0.33,14461.0
2022-04-26,1901.4000244140625,101.69999694824219,0.33,14461.0
2022-04-27,1885.9000244140625,102.0199966430664,0.33,14461.0
2022-04-28,1888.699951171875,105.36000061035156,0.33,14461.0
2022-04-29,1909.300048828125,104.69000244140625,0.33,14461.0
2022-05-02,1861.800048828125,105.16999816894531,0.33,14473.0
2022-05-03,1868.800048828125,102.41000366210938,0.33,14473.0
2022-05-04,1867.0,107.80999755859375,0.33,14473.0
2022-05-05,1874.0,108.26000213623047,0.83,14473.0
2022-05-06,1881.199951171875,109.7699966430664,0.83,14473.0
2022-05-09,1857.0999755859375,103.08999633789062,0.83,14578.0
2022-05-10,1839.9000244140625,99.76000213623047,0.83,14578.0
2022-05-11,1852.5999755859375,105.70999908447266,0.83,14578.0
2022-05-12,1823.800048828125,106.12999725341797,0.83,14578.0
2022-05-13,1807.4000244140625,110.48999786376953,0.83,14578.0
2022-05-16,1813.5,114.19999694824219,0.83,14659.0
2022-05-17,1818.199951171875,112.4000015258789,0.83,14659.0
2022-05-18,1815.9000244140625,109.58999633789062,0.83,14659.0
2022-05-19,1841.199951171875,112.20999908447266,0.83,14659.0
2022-05-20,1841.800048828125,113.2300033569336,0.83,14659.0
2022-05-23,1847.800048828125,110.29000091552734,0.83,14614.0
2022-05-24,1865.0999755859375,109.7699966430664,0.83,14614.0
2022-05-25,1846.199951171875,110.33000183105469,0.83,14614.0
2022-05-26,1847.4000244140625,114.08999633789062,0.83,14614.0
2022-05-27,1851.300048828125,115.06999969482422,0.83,14614.0
2022-05-30,1851.300048828125,115.06999969482422,0.83,14515.0
2022-05-31,1842.699951171875,114.66999816894531,0.83,14515.0
2022-06-01,1843.300048828125,115.26000213623047,0.83,14515.0
2022-06-02,1866.5,116.87000274658203,0.83,14515.0
2022-06-03,1845.4000244140625,118.87000274658203,0.83,14515.0
2022-06-06,1839.199951171875,118.5,0.83,14499.0
2022-06-07,1847.5,119.41000366210938,0.83,14499.0
2022-06-08,1851.9000244140625,122.11000061035156,0.83,14499.0
2022-06-09,1848.800048828125,121.51000213623047,0.83,14499.0
2022-06-10,1871.5,120.66999816894531,0.83,14499.0
2022-06-13,1828.0,120.93000030517578,0.83,14764.0
2022-06-14,1809.5,118.93000030517578,0.83,14764.0
2022-06-15,1815.300048828125,115.30999755859375,0.83,14764.0
2022-06-16,1845.699951171875,117.58999633789062,1.58,14764.0
2022-06-17,1835.5999755859375,109.55999755859375,1.58,14764.0
2022-06-20,1835.5999755859375,109.55999755859375,1.58,14842.0
2022-06-21,1834.5999755859375,110.6500015258789,1.58,14842.0
2022-06-22,1834.300048828125,106.19000244140625,1.58,14842.0
2022-06-23,1825.699951171875,104.2699966430664,1.58,14842.0
2022-06-24,1826.5,107.62000274658203,1.58,14842.0
2022-06-27,1820.9000244140625,109.56999969482422,1.58,14886.0
2022-06-28,1817.5,111.76000213623047,1.58,14886.0
2022-06-29,1813.699951171875,109.77999877929688,1.58,14886.0
2022-06-30,1804.0999755859375,105.76000213623047,1.58,14886.0
2022-07-01,1798.9000244140625,108.43000030517578,1.58,14886.0
2022-07-04,1798.9000244140625,108.43000030517578,1.58,15007.0
2022-07-05,1761.800048828125,99.5,1.58,15007.0
2022-07-06,1734.9000244140625,98.52999877929688,1.58,15007.0
2022-07-07,1737.9000244140625,102.7300033569336,1.58,15007.0
2022-07-08,1740.5999755859375,104.79000091552734,1.58,15007.0
2022-07-11,1730.0,104.08999633789062,1.58,15020.0
2022-07-12,1723.300048828125,95.83999633789062,1.58,15020.0
2022-07-13,1734.199951171875,96.30000305175781,1.58,15020.0
2022-07-14,1704.5,95.77999877929688,1.58,15020.0
2022-07-15,1702.4000244140625,97.58999633789062,1.58,15020.0
2022-07-18,1709.199951171875,102.5999984741211,1.58,14990.0
2022-07-19,1710.0,104.22000122070312,1.58,14990.0
2022-07-20,1699.5,102.26000213623047,1.58,14990.0
2022-07-21,1712.699951171875,96.3499984741211,1.58,14990.0
2022-07-22,1727.0999755859375,94.69999694824219,1.58,14990.0
2022-07-25,1719.0,96.69999694824219,1.58,14945.0
2022-07-26,1717.699951171875,94.9800033569336,1.58,14945.0
2022-07-27,1719.0999755859375,97.26000213623047,1.58,14945.0
2022-07-28,1750.300048828125,96.41999816894531,2.33,14945.0
2022-07-29,1762.9000244140625,98.62000274658203,2.32,14945.0
2022-08-01,1769.0,93.88999938964844,2.33,14889.0
2022-08-02,1771.0999755859375,94.41999816894531,2.33,14889.0
2022-08-03,1758.0,90.66000366210938,2.33,14889.0
2022-08-04,1788.5,88.54000091552734,2.33,14889.0
2022-08-05,1772.9000244140625,89.01000213623047,2.33,14889.0
2022-08-08,1786.800048828125,90.76000213623047,2.33,14790.0
2022-08-09,1794.0,90.5,2.33,14790.0
2022-08-10,1795.5999755859375,91.93000030517578,2.33,14790.0
2022-08-11,1789.699951171875,94.33999633789062,2.33,14790.0
2022-08-12,1798.5999755859375,92.08999633789062,2.33,14790.0
2022-08-15,1781.4000244140625,89.41000366210938,2.33,14801.0
2022-08-16,1773.199951171875,86.52999877929688,2.33,14801.0
2022-08-17,1760.300048828125,88.11000061035156,2.33,14801.0
2022-08-18,1755.300048828125,90.5,2.33,14801.0
2022-08-19,1747.5999755859375,90.7699966430664,2.33,14801.0
2022-08-22,1734.0,90.2300033569336,2.33,14843.0
2022-08-23,1746.800048828125,93.73999786376953,2.33,14843.0
2022-08-24,1747.800048828125,94.88999938964844,2.33,14843.0
2022-08-25,1757.699951171875,92.5199966430664,2.33,14843.0
2022-08-26,1736.0999755859375,93.05999755859375,2.33,14843.0
2022-08-29,1736.5999755859375,97.01000213623047,2.33,14870.0
2022-08-30,1723.199951171875,91.63999938964844,2.33,14870.0
2022-08-31,1712.800048828125,89.55000305175781,2.33,14870.0
2022-09-01,1696.5999755859375,86.61000061035156,2.33,14870.0
2022-09-02,1709.800048828125,86.87000274658203,2.33,14870.0
2022-09-05,1709.800048828125,86.87000274658203,2.33,14891.0
2022-09-06,1700.4000244140625,86.87999725341797,2.33,14891.0
2022-09-07,1715.300048828125,81.94000244140625,2.33,14891.0
2022-09-08,1708.0,83.54000091552734,2.33,14891.0
2022-09-09,1716.199951171875,86.79000091552734,2.33,14891.0
2022-09-12,1728.0999755859375,87.77999877929688,2.33,14904.0
2022-09-13,1705.0,87.30999755859375,2.33,14904.0
2022-09-14,1696.5,88.4800033569336,2.33,14904.0
2022-09-15,1665.4000244140625,85.0999984741211,2.33,14904.0
2022-09-16,1671.699951171875,85.11000061035156,2.33,14904.0
2022-09-19,1666.199951171875,85.7300033569336,2.33,15016.0
2022-09-20,1659.699951171875,84.44999694824219,2.33,15016.0
2022-09-21,1664.5999755859375,82.94000244140625,2.33,15016.0
2022-09-22,1670.800048828125,83.48999786376953,3.08,15016.0
2022-09-23,1645.300048828125,78.73999786376953,3.08,15016.0
2022-09-26,1623.300048828125,76.70999908447266,3.08,15203.0
2022-09-27,1626.699951171875,78.5,3.08,15203.0
2022-09-28,1660.4000244140625,82.1500015258789,3.08,15203.0
2022-09-29,1658.5,81.2300033569336,3.08,15203.0
2022-09-30,1662.4000244140625,79.48999786376953,3.08,15203.0
2022-10-03,1692.9000244140625,83.62999725341797,3.08,15249.0
2022-10-04,1721.0999755859375,86.5199966430664,3.08,15249.0
2022-10-05,1711.4000244140625,87.76000213623047,3.08,15249.0
2022-10-06,1711.699951171875,88.44999694824219,3.08,15249.0
2022-10-07,1700.5,92.63999938964844,3.08,15249.0
2022-10-10,1667.300048828125,91.12999725341797,3.08,15375.0
2022-10-11,1678.699951171875,89.3499984741211,3.08,15375.0
2022-10-12,1670.300048828125,87.2699966430664,3.08,15375.0
2022-10-13,1670.0,89.11000061035156,3.08,15375.0
2022-10-14,1641.699951171875,85.61000061035156,3.08,15375.0
2022-10-17,1657.0,85.45999908447266,3.08,15526.0
2022-10-18,1649.0,82.81999969482422,3.08,15526.0
2022-10-19,1627.5,85.55000305175781,3.08,15526.0
2022-10-20,1630.800048828125,85.9800033569336,3.08,15526.0
2022-10-21,1651.0,85.05000305175781,3.08,15526.0
2022-10-24,1648.699951171875,84.58000183105469,3.08,15580.0
2022-10-25,1652.800048828125,85.31999969482422,3.08,15580.0
2022-10-26,1664.0,87.91000366210938,3.08,15580.0
2022-10-27,1660.699951171875,89.08000183105469,3.08,15580.0
2022-10-28,1639.5999755859375,87.9000015258789,3.08,15580.0
2022-10-31,1635.9000244140625,86.52999877929688,3.08,15672.0
2022-11-01,1645.0,88.37000274658203,3.08,15672.0
2022-11-02,1645.699951171875,90.0,3.08,15672.0
2022-11-03,1627.300048828125,88.16999816894531,3.83,15672.0
2022-11-04,1672.5,92.61000061035156,3.83,15672.0
2022-11-07,1676.5,91.79000091552734,3.83,15632.0
2022-11-08,1712.0999755859375,88.91000366210938,3.83,15632.0
2022-11-09,1710.0999755859375,85.83000183105469,3.83,15632.0
2022-11-10,1750.300048828125,86.47000122070312,3.83,15632.0
2022-11-11,1766.0,88.95999908447266,3.83,15632.0
2022-11-14,1773.5999755859375,85.87000274658203,3.83,15615.0
2022-11-15,1773.800048828125,86.91999816894531,3.83,15615.0
2022-11-16,1773.0,85.58999633789062,3.83,15615.0
2022-11-17,1760.800048828125,81.63999938964844,3.83,15615.0
2022-11-18,1751.9000244140625,80.08000183105469,3.83,15615.0
2022-11-21,1737.4000244140625,79.7300033569336,3.83,15685.0
2022-11-22,1738.300048828125,80.94999694824219,3.83,15685.0
2022-11-23,1744.9000244140625,77.94000244140625,3.83,15685.0
2022-11-25,1753.300048828125,76.27999877929688,3.83,15685.0
2022-11-28,1740.0999755859375,77.23999786376953,3.83,15587.0
2022-11-29,1748.4000244140625,78.19999694824219,3.83,15587.0
2022-11-30,1746.0,80.55000305175781,3.83,15587.0
2022-12-01,1801.0999755859375,81.22000122070312,3.83,15587.0
2022-12-02,1795.9000244140625,79.9800033569336,3.83,15587.0
2022-12-05,1767.4000244140625,76.93000030517578,3.83,15579.0
2022-12-06,1769.300048828125,74.25,3.83,15579.0
2022-12-07,1785.5,72.01000213623047,3.83,15579.0
2022-12-08,1788.699951171875,71.45999908447266,3.83,15579.0
2022-12-09,1798.0999755859375,71.0199966430664,3.83,15579.0
2022-12-12,1780.5,73.16999816894531,3.83,15627.0
2022-12-13,1813.9000244140625,75.38999938964844,3.83,15627.0
2022-12-14,1807.5,77.27999877929688,3.83,15627.0
2022-12-15,1777.199951171875,76.11000061035156,4.33,15627.0
2022-12-16,1790.0,74.29000091552734,4.33,15627.0
2022-12-19,1787.699951171875,75.19000244140625,4.33,15580.0
2022-12-20,1815.9000244140625,76.08999633789062,4.33,15580.0
2022-12-21,1815.9000244140625,78.29000091552734,4.33,15580.0
2022-12-22,1787.0,77.48999786376953,4.33,15580.0
2022-12-23,1795.9000244140625,79.55999755859375,4.33,15580.0
2022-12-26,1795.9000244140625,79.55999755859375,4.33,15638.0
2022-12-27,1814.800048828125,79.52999877929688,4.33,15638.0
2022-12-28,1807.9000244140625,78.95999908447266,4.33,15638.0
2022-12-29,1819.5,78.4000015258789,4.33,15638.0
2022-12-30,1819.699951171875,80.26000213623047,4.33,15638.0
2023-01-02,1819.699951171875,80.26000213623047,4.33,15609.0
2023-01-03,1839.699951171875,76.93000030517578,4.33,15609.0
2023-01-04,1852.800048828125,72.83999633789062,4.33,15609.0
2023-01-05,1834.800048828125,73.66999816894531,4.33,15609.0
2023-01-06,1864.199951171875,73.7699966430664,4.33,15609.0
2023-01-09,1872.699951171875,74.62999725341797,4.33,15407.0
2023-01-10,1871.5999755859375,75.12000274658203,4.33,15407.0
2023-01-11,1874.5999755859375,77.41000366210938,4.33,15407.0
2023-01-12,1895.5,78.38999938964844,4.33,15407.0
2023-01-13,1918.4000244140625,79.86000061035156,4.33,15407.0
2023-01-16,1918.4000244140625,79.86000061035156,4.33,15130.0
2023-01-17,1907.199951171875,80.18000030517578,4.33,15130.0
2023-01-18,1904.4000244140625,79.4800033569336,4.33,15130.0
2023-01-19,1922.0999755859375,80.33000183105469,4.33,15130.0
2023-01-20,1926.4000244140625,81.30999755859375,4.33,15130.0
2023-01-23,1927.0999755859375,81.62000274658203,4.33,14978.0
2023-01-24,1933.9000244140625,80.12999725341797,4.33,14978.0
2023-01-25,1941.199951171875,80.1500015258789,4.33,14978.0
2023-01-26,1929.0999755859375,81.01000213623047,4.33,14978.0
2023-01-27,1928.5999755859375,79.68000030517578,4.33,14978.0
2023-01-30,1922.9000244140625,77.9000015258789,4.33,14956.0
2023-01-31,1929.5,78.87000274658203,4.33,14956.0
2023-02-01,1927.800048828125,76.41000366210938,4.33,14956.0
2023-02-02,1916.300048828125,75.87999725341797,4.58,14956.0
2023-02-03,1862.9000244140625,73.38999938964844,4.58,14956.0
2023-02-06,1866.199951171875,74.11000061035156,4.58,15152.0
2023-02-07,1871.699951171875,77.13999938964844,4.58,15152.0
2023-02-08,1877.4000244140625,78.47000122070312,4.58,15152.0
2023-02-09,1866.199951171875,78.05999755859375,4.57,15152.0
2023-02-10,1862.800048828125,79.72000122070312,4.58,15152.0
2023-02-13,1851.9000244140625,80.13999938964844,4.58,15196.0
2023-02-14,1854.0,79.05999755859375,4.58,15196.0
2023-02-15,1834.199951171875,78.58999633789062,4.58,15196.0
2023-02-16,1842.0,78.48999786376953,4.58,15196.0
2023-02-17,1840.4000244140625,76.33999633789062,4.58,15196.0
2023-02-20,1840.4000244140625,76.33999633789062,4.58,15195.0
2023-02-21,1833.0,76.16000366210938,4.58,15195.0
2023-02-22,1832.0,73.94999694824219,4.58,15195.0
2023-02-23,1818.0,75.38999938964844,4.58,15195.0
2023-02-24,1808.800048828125,76.31999969482422,4.58,15195.0
2023-02-27,1817.0,75.68000030517578,4.57,15278.0
2023-02-28,1828.9000244140625,77.05000305175781,4.57,15278.0
2023-03-01,1837.699951171875,77.69000244140625,4.58,15278.0
2023-03-02,1833.5,78.16000366210938,4.57,15278.0
2023-03-03,1847.699951171875,79.68000030517578,4.57,15278.0
2023-03-06,1847.9000244140625,80.45999908447266,4.57,15420.0
2023-03-07,1813.9000244140625,77.58000183105469,4.57,15420.0
2023-03-08,1812.699951171875,76.66000366210938,4.57,15420.0
2023-03-09,1829.300048828125,75.72000122070312,4.57,15420.0
2023-03-10,1862.0,76.68000030517578,4.57,15420.0
2023-03-13,1911.699951171875,74.80000305175781,4.58,15418.0
2023-03-14,1906.199951171875,71.33000183105469,4.58,15418.0
2023-03-15,1926.5999755859375,67.61000061035156,4.58,15418.0
2023-03-16,1919.0,68.3499984741211,4.58,15418.0
2023-03-17,1969.800048828125,66.73999786376953,4.58,15418.0
2023-03-20,1979.199951171875,67.63999938964844,4.58,15246.0
2023-03-21,1938.0,69.33000183105469,4.58,15246.0
2023-03-22,1946.800048828125,70.9000015258789,4.58,15246.0
2023-03-23,1993.800048828125,69.95999908447266,4.83,15246.0
2023-03-24,1982.0999755859375,69.26000213623047,4.83,15246.0
2023-03-27,1952.4000244140625,72.80999755859375,4.83,15065.0
2023-03-28,1972.4000244140625,73.19999694824219,4.83,15065.0
2023-03-29,1966.0999755859375,72.97000122070312,4.83,15065.0
2023-03-30,1980.300048828125,74.37000274658203,4.83,15065.0
2023-03-31,1969.0,75.66999816894531,4.83,15065.0
2023-04-03,1983.9000244140625,80.41999816894531,4.83,14933.0
2023-04-04,2022.199951171875,80.70999908447266,4.83,14933.0
2023-04-05,2020.9000244140625,80.61000061035156,4.83,14933.0
2023-04-06,2011.9000244140625,80.69999694824219,4.83,14933.0
2023-04-10,1989.0999755859375,79.73999786376953,4.83,14814.0
2023-04-11,2004.800048828125,81.52999877929688,4.83,14814.0
2023-04-12,2010.9000244140625,83.26000213623047,4.83,14814.0
2023-04-13,2041.300048828125,82.16000366210938,4.83,14814.0
2023-04-14,2002.199951171875,82.5199966430664,4.83,14814.0
2023-04-17,1994.199951171875,80.83000183105469,4.83,14923.0
2023-04-18,2007.4000244140625,80.86000061035156,4.83,14923.0
2023-04-19,1995.199951171875,79.16000366210938,4.83,14923.0
2023-04-20,2007.5999755859375,77.29000091552734,4.83,14923.0
2023-04-21,1979.5,77.87000274658203,4.83,14923.0
2023-04-24,1989.0999755859375,78.76000213623047,4.83,14825.0
2023-04-25,1994.0,77.06999969482422,4.83,14825.0
2023-04-26,1985.699951171875,74.30000305175781,4.83,14825.0
2023-04-27,1989.9000244140625,74.76000213623047,4.83,14825.0
2023-04-28,1990.0999755859375,76.77999877929688,4.83,14825.0
2023-05-01,1983.4000244140625,75.66000366210938,4.83,14690.0
2023-05-02,2014.300048828125,71.66000366210938,4.83,14690.0
2023-05-03,2028.5999755859375,68.5999984741211,4.83,14690.0
2023-05-04,2048.0,68.55999755859375,5.08,14690.0
2023-05-05,2017.4000244140625,71.33999633789062,5.08,14690.0
2023-05-08,2026.300048828125,73.16000366210938,5.08,14744.0
2023-05-09,2036.199951171875,73.70999908447266,5.08,14744.0
2023-05-10,2030.5,72.55999755859375,5.08,14744.0
2023-05-11,2014.699951171875,70.87000274658203,5.08,14744.0
2023-05-12,2014.5,70.04000091552734,5.08,14744.0
2023-05-15,2018.0,71.11000061035156,5.08,14862.0
2023-05-16,1988.4000244140625,70.86000061035156,5.08,14862.0
2023-05-17,1980.699951171875,72.83000183105469,5.08,14862.0
2023-05-18,1956.5,71.86000061035156,5.08,14862.0
2023-05-19,1978.699951171875,71.55000305175781,5.08,14862.0
2023-05-22,1974.800048828125,71.98999786376953,5.08,14913.0
2023-05-23,1972.4000244140625,72.91000366210938,5.08,14913.0
2023-05-24,1962.800048828125,74.33999633789062,5.08,14913.0
2023-05-25,1943.0999755859375,71.83000183105469,5.08,14913.0
2023-05-26,1944.0999755859375,72.66999816894531,5.08,14913.0
2023-05-29,1944.0999755859375,72.66999816894531,5.08,14941.0
2023-05-30,1958.0,69.45999908447266,5.08,14941.0
2023-05-31,1963.9000244140625,68.08999633789062,5.08,14941.0
2023-06-01,1978.0,70.0999984741211,5.08,14941.0
2023-06-02,1952.4000244140625,71.73999786376953,5.08,14941.0
2023-06-05,1958.0,72.1500015258789,5.08,14861.0
2023-06-06,1965.5,71.73999786376953,5.08,14861.0
2023-06-07,1942.699951171875,72.52999877929688,5.08,14861.0
2023-06-08,1963.5999755859375,71.29000091552734,5.08,14861.0
2023-06-09,1962.199951171875,70.16999816894531,5.08,14861.0
2023-06-12,1955.300048828125,67.12000274658203,5.08,14910.0
2023-06-13,1944.5999755859375,69.41999816894531,5.08,14910.0
2023-06-14,1955.300048828125,68.2699966430664,5.08,14910.0
2023-06-15,1957.800048828125,70.62000274658203,5.07,14910.0
2023-06-16,1958.4000244140625,71.77999877929688,5.08,14910.0
2023-06-19,1958.4000244140625,71.77999877929688,5.08,14985.0
2023-06-20,1935.5,70.5,5.07,14985.0
2023-06-21,1933.300048828125,72.52999877929688,5.07,14985.0
2023-06-22,1912.699951171875,69.51000213623047,5.07,14985.0
2023-06-23,1919.0999755859375,69.16000366210938,5.07,14985.0
2023-06-26,1923.699951171875,69.37000274658203,5.07,15027.0
2023-06-27,1914.0,67.69999694824219,5.07,15027.0
2023-06-28,1912.300048828125,69.55999755859375,5.07,15027.0
2023-06-29,1909.199951171875,69.86000061035156,5.07,15027.0
2023-06-30,1921.0999755859375,70.63999938964844,5.08,15027.0
2023-07-03,1921.699951171875,69.79000091552734,5.08,15074.0
2023-07-05,1919.5999755859375,71.79000091552734,5.08,15074.0
2023-07-06,1908.699951171875,71.80000305175781,5.08,15074.0
2023-07-07,1926.199951171875,73.86000061035156,5.08,15074.0
2023-07-10,1925.0,72.98999786376953,5.07,15075.0
2023-07-11,1931.300048828125,74.83000183105469,5.08,15075.0
2023-07-12,1956.199951171875,75.75,5.08,15075.0
2023-07-13,1959.199951171875,76.88999938964844,5.08,15075.0
2023-07-14,1960.0999755859375,75.41999816894531,5.08,15075.0
2023-07-17,1952.4000244140625,74.1500015258789,5.08,14999.0
2023-07-18,1977.199951171875,75.75,5.08,14999.0
2023-07-19,1977.5,75.3499984741211,5.08,14999.0
2023-07-20,1968.300048828125,75.62999725341797,5.08,14999.0
2023-07-21,1964.300048828125,77.06999969482422,5.08,14999.0
2023-07-24,1960.300048828125,78.73999786376953,5.08,15039.0
2023-07-25,1962.0999755859375,79.62999725341797,5.08,15039.0
2023-07-26,1968.9000244140625,78.77999877929688,5.08,15039.0
2023-07-27,1945.4000244140625,80.08999633789062,5.33,15039.0
2023-07-28,1960.4000244140625,80.58000183105469,5.33,15039.0
2023-07-31,1970.5,81.80000305175781,5.33,15147.0
2023-08-01,1940.699951171875,81.37000274658203,5.33,15147.0
2023-08-02,1937.4000244140625,79.48999786376953,5.33,15147.0
2023-08-03,1932.0,81.55000305175781,5.33,15147.0
2023-08-04,1939.5999755859375,82.81999969482422,5.33,15147.0
2023-08-07,1933.5,81.94000244140625,5.33,15212.0
2023-08-08,1924.0999755859375,82.91999816894531,5.33,15212.0
2023-08-09,1915.4000244140625,84.4000015258789,5.33,15212.0
2023-08-10,1914.4000244140625,82.81999969482422,5.33,15212.0
2023-08-11,1912.9000244140625,83.19000244140625,5.33,15212.0
2023-08-14,1910.5999755859375,82.51000213623047,5.33,15319.0
2023-08-15,1902.5,80.98999786376953,5.33,15319.0
2023-08-16,1896.0999755859375,79.37999725341797,5.33,15319.0
2023-08-17,1884.0999755859375,80.38999938964844,5.33,15319.0
2023-08-18,1886.0999755859375,81.25,5.33,15319.0
2023-08-21,1893.300048828125,80.72000122070312,5.33,15298.0
2023-08-22,1896.4000244140625,80.3499984741211,5.33,15298.0
2023-08-23,1918.5,78.88999938964844,5.33,15298.0
2023-08-24,1918.199951171875,79.05000305175781,5.33,15298.0
2023-08-25,1911.0999755859375,79.83000183105469,5.33,15298.0
2023-08-28,1917.9000244140625,80.0999984741211,5.33,15251.0
2023-08-29,1936.5,81.16000366210938,5.33,15251.0
2023-08-30,1944.300048828125,81.62999725341797,5.33,15251.0
2023-08-31,1938.199951171875,83.62999725341797,5.33,15251.0
2023-09-01,1939.800048828125,85.55000305175781,5.33,15251.0
2023-09-04,1939.800048828125,85.55000305175781,5.33,15299.0
2023-09-05,1926.199951171875,86.69000244140625,5.33,15299.0
2023-09-06,1918.0999755859375,87.54000091552734,5.33,15299.0
2023-09-07,1917.5,86.87000274658203,5.33,15299.0
2023-09-08,1918.4000244140625,87.51000213623047,5.33,15299.0
2023-09-11,1923.300048828125,87.29000091552734,5.33,15366.0
2023-09-12,1911.300048828125,88.83999633789062,5.33,15366.0
2023-09-13,1909.0999755859375,88.5199966430664,5.33,15366.0
2023-09-14,1910.0,90.16000366210938,5.33,15366.0
2023-09-15,1923.699951171875,90.7699966430664,5.33,15366.0
2023-09-18,1931.5,91.4800033569336,5.33,15371.0
2023-09-19,1932.0,91.19999694824219,5.33,15371.0
2023-09-20,1945.5999755859375,90.27999877929688,5.33,15371.0
2023-09-21,1919.199951171875,89.62999725341797,5.33,15371.0
2023-09-22,1925.4000244140625,90.02999877929688,5.33,15371.0
2023-09-25,1916.5999755859375,89.68000030517578,5.33,15487.0
2023-09-26,1900.4000244140625,90.38999938964844,5.33,15487.0
2023-09-27,1871.5999755859375,93.68000030517578,5.33,15487.0
2023-09-28,1860.4000244140625,91.70999908447266,5.33,15487.0
2023-09-29,1848.0999755859375,90.79000091552734,5.33,15487.0
2023-10-02,1830.0,88.81999969482422,5.33,15606.0
2023-10-03,1824.5999755859375,89.2300033569336,5.33,15606.0
2023-10-04,1818.5,84.22000122070312,5.33,15606.0
2023-10-05,1816.5999755859375,82.30999755859375,5.33,15606.0
2023-10-06,1830.199951171875,82.79000091552734,5.33,15606.0
2023-10-09,1849.5,86.37999725341797,5.33,15698.0
2023-10-10,1861.0,85.97000122070312,5.33,15698.0
2023-10-11,1872.800048828125,83.48999786376953,5.33,15698.0
2023-10-12,1869.300048828125,82.91000366210938,5.33,15698.0
2023-10-13,1927.4000244140625,87.69000244140625,5.33,15698.0
2023-10-16,1921.0999755859375,86.66000366210938,5.33,15778.0
2023-10-17,1922.699951171875,86.66000366210938,5.33,15778.0
2023-10-18,1955.300048828125,88.31999969482422,5.33,15778.0
2023-10-19,1968.4000244140625,89.37000274658203,5.33,15778.0
2023-10-20,1982.5,88.75,5.33,15778.0
2023-10-23,1976.300048828125,85.48999786376953,5.33,15907.0
2023-10-24,1975.0,83.73999786376953,5.33,15907.0
2023-10-25,1984.0999755859375,85.38999938964844,5.33,15907.0
2023-10-26,1987.199951171875,83.20999908447266,5.33,15907.0
2023-10-27,1988.5999755859375,85.54000091552734,5.33,15907.0
2023-10-30,1996.199951171875,82.30999755859375,5.33,15838.0
2023-10-31,1985.199951171875,81.0199966430664,5.33,15838.0
2023-11-01,1978.800048828125,80.44000244140625,5.33,15838.0
2023-11-02,1985.5999755859375,82.45999908447266,5.33,15838.0
2023-11-03,1991.5,80.51000213623047,5.33,15838.0
2023-11-06,1981.5999755859375,80.81999969482422,5.33,15641.0
2023-11-07,1966.800048828125,77.37000274658203,5.33,15641.0
2023-11-08,1951.5,75.33000183105469,5.33,15641.0
2023-11-09,1964.199951171875,75.73999786376953,5.33,15641.0
2023-11-10,1932.5999755859375,77.16999816894531,5.33,15641.0
2023-11-13,1945.5,78.26000213623047,5.33,15567.0
2023-11-14,1961.800048828125,78.26000213623047,5.33,15567.0
2023-11-15,1960.0999755859375,76.66000366210938,5.33,15567.0
2023-11-16,1983.9000244140625,72.9000015258789,5.33,15567.0
2023-11-17,1981.5999755859375,75.88999938964844,5.33,15567.0
2023-11-20,1977.699951171875,77.5999984741211,5.33,15534.0
2023-11-21,1999.300048828125,77.7699966430664,5.33,15534.0
2023-11-22,1991.4000244140625,77.0999984741211,5.33,15534.0
2023-11-24,2002.199951171875,75.54000091552734,5.33,15534.0
2023-11-27,2011.800048828125,74.86000061035156,5.33,15485.0
2023-11-28,2039.699951171875,76.41000366210938,5.33,15485.0
2023-11-29,2047.0999755859375,77.86000061035156,5.33,15485.0
2023-11-30,2038.0999755859375,75.95999908447266,5.33,15485.0
2023-12-01,2071.0,74.06999969482422,5.33,15485.0
2023-12-04,2024.0999755859375,73.04000091552734,5.33,15506.0
2023-12-05,2018.5,72.31999969482422,5.33,15506.0
2023-12-06,2030.5,69.37999725341797,5.33,15506.0
2023-12-07,2029.9000244140625,69.33999633789062,5.33,15506.0
2023-12-08,1998.300048828125,71.2300033569336,5.33,15506.0
2023-12-11,1978.0,71.31999969482422,5.33,15587.0
2023-12-12,1977.800048828125,68.61000061035156,5.33,15587.0
2023-12-13,1982.300048828125,69.47000122070312,5.33,15587.0
2023-12-14,2030.199951171875,71.58000183105469,5.33,15587.0
2023-12-15,2021.0999755859375,71.43000030517578,5.33,15587.0
2023-12-18,2026.300048828125,72.47000122070312,5.33,15489.0
2023-12-19,2038.4000244140625,73.44000244140625,5.33,15489.0
2023-12-20,2034.5,74.22000122070312,5.33,15489.0
2023-12-21,2039.0999755859375,73.88999938964844,5.33,15489.0
2023-12-22,2057.10009765625,73.55999755859375,5.33,15489.0
2023-12-25,2057.10009765625,73.55999755859375,5.33,15432.0
2023-12-26,2058.199951171875,75.56999969482422,5.33,15432.0
2023-12-27,2081.89990234375,74.11000061035156,5.33,15432.0
2023-12-28,2073.89990234375,71.7699966430664,5.33,15432.0
2023-12-29,2062.39990234375,71.6500015258789,5.33,15432.0
2024-01-01,2062.39990234375,71.6500015258789,5.33,15535.0
2024-01-02,2064.39990234375,70.37999725341797,5.33,15535.0
2024-01-03,2034.199951171875,72.69999694824219,5.33,15535.0
2024-01-04,2042.300048828125,72.19000244140625,5.33,15535.0
2024-01-05,2042.4000244140625,73.80999755859375,5.33,15535.0
2024-01-08,2026.5999755859375,70.7699966430664,5.33,15551.0
2024-01-09,2026.4000244140625,72.23999786376953,5.33,15551.0
2024-01-10,2021.699951171875,71.37000274658203,5.33,15551.0
2024-01-11,2014.300048828125,72.0199966430664,5.33,15551.0
2024-01-12,2046.699951171875,72.68000030517578,5.33,15551.0
2024-01-15,2046.699951171875,72.68000030517578,5.33,15604.0
2024-01-16,2026.0,72.4000015258789,5.33,15604.0
2024-01-17,2002.5999755859375,72.55999755859375,5.33,15604.0
2024-01-18,2018.5999755859375,74.08000183105469,5.33,15604.0
2024-01-19,2026.5,73.41000366210938,5.33,15604.0
2024-01-22,2019.800048828125,75.19000244140625,5.33,15739.0
2024-01-23,2023.699951171875,74.37000274658203,5.33,15739.0
2024-01-24,2013.9000244140625,75.08999633789062,5.33,15739.0
2024-01-25,2016.9000244140625,77.36000061035156,5.33,15739.0
2024-01-26,2016.800048828125,78.01000213623047,5.33,15739.0
2024-01-29,2025.199951171875,76.77999877929688,5.33,15751.0
2024-01-30,2031.5,77.81999969482422,5.33,15751.0
2024-01-31,2048.39990234375,75.8499984741211,5.33,15751.0
2024-02-01,2053.0,73.81999969482422,5.33,15751.0
2024-02-02,2036.0999755859375,72.27999877929688,5.33,15751.0
2024-02-05,2025.699951171875,72.77999877929688,5.33,15690.0
2024-02-06,2034.5,73.30999755859375,5.33,15690.0
2024-02-07,2035.199951171875,73.86000061035156,5.33,15690.0
2024-02-08,2032.199951171875,76.22000122070312,5.33,15690.0
2024-02-09,2023.300048828125,76.83999633789062,5.33,15690.0
2024-02-12,2018.199951171875,76.91999816894531,5.33,15610.0
2024-02-13,1992.9000244140625,77.87000274658203,5.33,15610.0
2024-02-14,1990.300048828125,76.63999938964844,5.33,15610.0
2024-02-15,2002.0999755859375,78.02999877929688,5.33,15610.0
2024-02-16,2011.5,79.19000244140625,5.33,15610.0
2024-02-19,2011.5,79.19000244140625,5.33,15626.0
2024-02-20,2027.5,78.18000030517578,5.33,15626.0
2024-02-21,2022.300048828125,77.91000366210938,5.33,15626.0
2024-02-22,2019.699951171875,78.61000061035156,5.33,15626.0
2024-02-23,2038.5999755859375,76.48999786376953,5.33,15626.0
2024-02-26,2028.5,77.58000183105469,5.33,15688.0
2024-02-27,2034.0,78.87000274658203,5.33,15688.0
2024-02-28,2033.0,78.54000091552734,5.33,15688.0
2024-02-29,2045.699951171875,78.26000213623047,5.33,15688.0
2024-03-01,2086.89990234375,79.97000122070312,5.33,15688.0
2024-03-04,2117.699951171875,78.73999786376953,5.33,15670.0
2024-03-05,2133.5,78.1500015258789,5.33,15670.0
2024-03-06,2150.300048828125,79.12999725341797,5.33,15670.0
2024-03-07,2158.0,78.93000030517578,5.33,15670.0
2024-03-08,2178.60009765625,78.01000213623047,5.33,15670.0
2024-03-11,2182.5,77.93000030517578,5.33,15560.0
2024-03-12,2160.39990234375,77.55999755859375,5.33,15560.0
2024-03-13,2175.39990234375,79.72000122070312,5.33,15560.0
2024-03-14,2163.0,81.26000213623047,5.33,15560.0
2024-03-15,2157.300048828125,81.04000091552734,5.33,15560.0
2024-03-18,2160.699951171875,82.72000122070312,5.33,15736.0
2024-03-19,2156.300048828125,83.47000122070312,5.33,15736.0
2024-03-20,2157.89990234375,81.68000030517578,5.33,15736.0
2024-03-21,2182.39990234375,81.06999969482422,5.33,15736.0
2024-03-22,2158.10009765625,80.62999725341797,5.33,15736.0
2024-03-25,2174.800048828125,81.94999694824219,5.33,15838.0
2024-03-26,2175.60009765625,81.62000274658203,5.33,15838.0
2024-03-27,2190.60009765625,81.3499984741211,5.33,15838.0
2024-03-28,2217.39990234375,83.16999816894531,5.33,15838.0
2024-04-01,2236.5,83.70999908447266,5.33,15900.0
2024-04-02,2261.0,85.1500015258789,5.33,15900.0
2024-04-03,2294.39990234375,85.43000030517578,5.33,15900.0
2024-04-04,2288.800048828125,86.58999633789062,5.33,15900.0
2024-04-05,2325.699951171875,86.91000366210938,5.33,15900.0
2024-04-08,2331.699951171875,86.43000030517578,5.33,15953.0
2024-04-09,2343.5,85.2300033569336,5.33,15953.0
2024-04-10,2329.60009765625,86.20999908447266,5.33,15953.0
2024-04-11,2354.800048828125,85.0199966430664,5.33,15953.0
2024-04-12,2356.199951171875,85.66000366210938,5.33,15953.0
2024-04-15,2365.800048828125,85.41000366210938,5.33,16191.0
2024-04-16,2390.800048828125,85.36000061035156,5.33,16191.0
2024-04-17,2371.699951171875,82.69000244140625,5.33,16191.0
2024-04-18,2382.300048828125,82.7300033569336,5.33,16191.0
2024-04-19,2398.39990234375,83.13999938964844,5.33,16191.0
2024-04-22,2332.199951171875,82.8499984741211,5.33,16210.0
2024-04-23,2327.699951171875,83.36000061035156,5.33,16210.0
2024-04-24,2324.5,82.80999755859375,5.33,16210.0
2024-04-25,2329.800048828125,83.56999969482422,5.33,16210.0
2024-04-26,2334.800048828125,83.8499984741211,5.33,16210.0
2024-04-29,2345.39990234375,82.62999725341797,5.33,16180.0
2024-04-30,2291.39990234375,81.93000030517578,5.33,16180.0
2024-05-01,2299.89990234375,79.0,5.33,16180.0
2024-05-02,2299.199951171875,78.94999694824219,5.33,16180.0
2024-05-03,2299.0,78.11000061035156,5.33,16180.0
2024-05-06,2321.60009765625,78.4800033569336,5.33,16060.0
2024-05-07,2315.199951171875,78.37999725341797,5.33,16060.0
2024-05-08,2313.60009765625,78.98999786376953,5.33,16060.0
2024-05-09,2332.10009765625,79.26000213623047,5.33,16060.0
2024-05-10,2367.300048828125,78.26000213623047,5.33,16060.0
2024-05-13,2336.10009765625,79.12000274658203,5.33,16021.0
2024-05-14,2353.39990234375,78.0199966430664,5.33,16021.0
2024-05-15,2388.699951171875,78.62999725341797,5.33,16021.0
2024-05-16,2380.0,79.2300033569336,5.33,16021.0
2024-05-17,2412.199951171875,80.05999755859375,5.33,16021.0
2024-05-20,2433.89990234375,79.80000305175781,5.33,16016.0
2024-05-21,2421.699951171875,79.26000213623047,5.33,16016.0
2024-05-22,2389.199951171875,77.56999969482422,5.33,16016.0
2024-05-23,2335.0,76.87000274658203,5.33,16016.0
2024-05-24,2332.5,77.72000122070312,5.33,16016.0
2024-05-27,2332.5,77.72000122070312,5.33,16167.0
2024-05-28,2355.199951171875,79.83000183105469,5.33,16167.0
2024-05-29,2340.300048828125,79.2300033569336,5.33,16167.0
2024-05-30,2342.89990234375,77.91000366210938,5.33,16167.0
2024-05-31,2322.89990234375,76.98999786376953,5.33,16167.0
2024-06-03,2346.60009765625,74.22000122070312,5.33,16260.0
2024-06-04,2325.5,73.25,5.33,16260.0
2024-06-05,2354.10009765625,74.06999969482422,5.33,16260.0
2024-06-06,2370.300048828125,75.55000305175781,5.33,16260.0
2024-06-07,2305.199951171875,75.52999877929688,5.33,16260.0
2024-06-10,2307.699951171875,77.73999786376953,5.33,16328.0
2024-06-11,2307.5,77.9000015258789,5.33,16328.0
2024-06-12,2336.0,78.5,5.33,16328.0
2024-06-13,2300.199951171875,78.62000274658203,5.33,16328.0
2024-06-14,2331.39990234375,78.44999694824219,5.33,16328.0
2024-06-17,2312.39990234375,80.33000183105469,5.33,16443.0
2024-06-18,2330.39990234375,81.56999969482422,5.33,16443.0
2024-06-20,2353.800048828125,82.16999816894531,5.33,16443.0
2024-06-21,2316.39990234375,80.7300033569336,5.33,16443.0
2024-06-24,2330.0,81.62999725341797,5.33,16388.0
2024-06-25,2316.60009765625,80.83000183105469,5.33,16388.0
2024-06-26,2299.199951171875,80.9000015258789,5.33,16388.0
2024-06-27,2324.5,81.73999786376953,5.33,16388.0
2024-06-28,2327.699951171875,81.54000091552734,5.33,16388.0
2024-07-01,2327.60009765625,83.37999725341797,5.33,16343.0
2024-07-02,2323.0,82.80999755859375,5.33,16343.0
2024-07-03,2359.800048828125,83.87999725341797,5.33,16343.0
2024-07-05,2388.5,83.16000366210938,5.33,16343.0
2024-07-08,2355.199951171875,82.33000183105469,5.33,16210.0
2024-07-09,2360.10009765625,81.41000366210938,5.33,16210.0
2024-07-10,2372.199951171875,82.0999984741211,5.33,16210.0
2024-07-11,2415.0,82.62000274658203,5.33,16210.0
2024-07-12,2414.0,82.20999908447266,5.33,16210.0
2024-07-15,2422.89990234375,81.91000366210938,5.33,16170.0
2024-07-16,2462.39990234375,80.76000213623047,5.33,16170.0
2024-07-17,2454.800048828125,82.8499984741211,5.33,16170.0
2024-07-18,2451.800048828125,82.81999969482422,5.33,16170.0
2024-07-19,2395.5,80.12999725341797,5.33,16170.0
2024-07-22,2392.0,79.77999877929688,5.33,16256.0
2024-07-23,2404.60009765625,76.95999908447266,5.33,16256.0
2024-07-24,2413.300048828125,77.58999633789062,5.33,16256.0
2024-07-25,2351.89990234375,78.27999877929688,5.33,16256.0
2024-07-26,2380.0,77.16000366210938,5.33,16256.0
2024-07-29,2377.300048828125,75.80999755859375,5.33,16275.0
2024-07-30,2405.0,74.7300033569336,5.33,16275.0
2024-07-31,2426.5,77.91000366210938,5.33,16275.0
2024-08-01,2435.0,76.30999755859375,5.33,16275.0
2024-08-02,2425.699951171875,73.5199966430664,5.33,16275.0
2024-08-05,2401.699951171875,72.94000244140625,5.33,16055.0
2024-08-06,2389.10009765625,73.19999694824219,5.33,16055.0
2024-08-07,2390.5,75.2300033569336,5.33,16055.0
2024-08-08,2422.199951171875,76.19000244140625,5.33,16055.0
2024-08-09,2432.10009765625,76.83999633789062,5.33,16055.0
2024-08-12,2462.39990234375,80.05999755859375,5.33,15763.0
2024-08-13,2466.699951171875,78.3499984741211,5.33,15763.0
2024-08-14,2439.39990234375,76.9800033569336,5.33,15763.0
2024-08-15,2453.10009765625,78.16000366210938,5.33,15763.0
2024-08-16,2498.60009765625,76.6500015258789,5.33,15763.0
2024-08-19,2501.800048828125,74.37000274658203,5.33,15550.0
2024-08-20,2511.300048828125,74.04000091552734,5.33,15550.0
2024-08-21,2508.39990234375,71.93000030517578,5.33,15550.0
2024-08-22,2478.89990234375,73.01000213623047,5.33,15550.0
2024-08-23,2508.39990234375,74.83000183105469,5.33,15550.0
2024-08-26,2517.699951171875,77.41999816894531,5.33,15463.0
2024-08-27,2516.0,75.52999877929688,5.33,15463.0
2024-08-28,2501.0,74.5199966430664,5.33,15463.0
2024-08-29,2525.699951171875,75.91000366210938,5.33,15463.0
2024-08-30,2493.800048828125,73.55000305175781,5.33,15463.0
2024-09-02,2493.800048828125,73.55000305175781,5.33,15486.0
2024-09-03,2489.89990234375,70.33999633789062,5.33,15486.0
2024-09-04,2493.39990234375,69.19999694824219,5.33,15486.0
2024-09-05,2511.39990234375,69.1500015258789,5.33,15486.0
2024-09-06,2493.5,67.66999816894531,5.33,15486.0
2024-09-09,2501.800048828125,68.70999908447266,5.33,15436.0
2024-09-10,2512.300048828125,65.75,5.33,15436.0
2024-09-11,2512.10009765625,67.30999755859375,5.33,15436.0
2024-09-12,2551.199951171875,68.97000122070312,5.33,15436.0
2024-09-13,2581.300048828125,68.6500015258789,5.33,15436.0
2024-09-16,2580.39990234375,70.08999633789062,5.33,15269.0
2024-09-17,2564.300048828125,71.19000244140625,5.33,15269.0
2024-09-18,2570.699951171875,70.91000366210938,5.33,15269.0
2024-09-19,2588.0,71.94999694824219,4.83,15269.0
2024-09-20,2619.89990234375,71.91999816894531,4.83,15269.0
2024-09-23,2626.5,70.37000274658203,4.83,15144.0
2024-09-24,2651.199951171875,71.55999755859375,4.83,15144.0
2024-09-25,2659.199951171875,69.69000244140625,4.83,15144.0
2024-09-26,2669.89990234375,67.66999816894531,4.83,15144.0
2024-09-27,2644.300048828125,68.18000030517578,4.83,15144.0
2024-09-30,2636.10009765625,68.16999816894531,4.83,15333.0
2024-10-01,2667.300048828125,69.83000183105469,4.83,15333.0
2024-10-02,2647.10009765625,70.0999984741211,4.83,15333.0
2024-10-03,2657.10009765625,73.70999908447266,4.83,15333.0
2024-10-04,2645.800048828125,74.37999725341797,4.83,15333.0
2024-10-07,2644.800048828125,77.13999938964844,4.83,15656.0
2024-10-08,2615.0,73.56999969482422,4.83,15656.0
2024-10-09,2606.0,73.23999786376953,4.83,15656.0
2024-10-10,2620.60009765625,75.8499984741211,4.83,15656.0
2024-10-11,2657.60009765625,75.55999755859375,4.83,15656.0
2024-10-14,2647.800048828125,73.83000183105469,4.83,15529.0
2024-10-15,2661.39990234375,70.58000183105469,4.83,15529.0
2024-10-16,2674.0,70.38999938964844,4.83,15529.0
2024-10-17,2691.0,70.66999816894531,4.83,15529.0
2024-10-18,2713.699951171875,69.22000122070312,4.83,15529.0
2024-10-21,2723.10009765625,70.55999755859375,4.83,15600.0
2024-10-22,2744.199951171875,72.08999633789062,4.83,15600.0
2024-10-23,2714.39990234375,70.7699966430664,4.83,15600.0
2024-10-24,2734.89990234375,70.19000244140625,4.83,15600.0
2024-10-25,2740.89990234375,71.77999877929688,4.83,15600.0
2024-10-28,2742.89990234375,67.37999725341797,4.83,15730.0
2024-10-29,2768.39990234375,67.20999908447266,4.83,15730.0
2024-10-30,2788.5,68.61000061035156,4.83,15730.0
2024-10-31,2738.300048828125,69.26000213623047,4.83,15730.0
2024-11-01,2738.60009765625,69.48999786376953,4.83,15730.0
2024-11-04,2736.10009765625,71.47000122070312,4.83,15732.0
2024-11-05,2740.300048828125,71.98999786376953,4.83,15732.0
2024-11-06,2667.60009765625,71.69000244140625,4.83,15732.0
2024-11-07,2698.39990234375,72.36000061035156,4.83,15732.0
2024-11-08,2687.5,70.37999725341797,4.58,15732.0
2024-11-11,2611.199951171875,68.04000091552734,4.58,15816.0
2024-11-12,2600.0,68.12000274658203,4.58,15816.0
2024-11-13,2580.800048828125,68.43000030517578,4.58,15816.0
2024-11-14,2568.199951171875,68.69999694824219,4.58,15816.0
2024-11-15,2565.699951171875,67.0199966430664,4.58,15816.0
2024-11-18,2610.60009765625,69.16000366210938,4.58,15882.0
2024-11-19,2627.10009765625,69.38999938964844,4.58,15882.0
2024-11-20,2648.199951171875,68.87000274658203,4.58,15882.0
2024-11-21,2672.10009765625,70.0999984741211,4.58,15882.0
2024-11-22,2709.89990234375,71.23999786376953,4.58,15882.0
2024-11-25,2616.800048828125,68.94000244140625,4.58,15869.0
2024-11-26,2620.300048828125,68.7699966430664,4.58,15869.0
2024-11-27,2639.89990234375,68.72000122070312,4.58,15869.0
2024-11-29,2657.0,68.0,4.58,15869.0
2024-12-02,2634.89990234375,68.0999984741211,4.58,15887.0
2024-12-03,2644.699951171875,69.94000244140625,4.58,15887.0
2024-12-04,2653.800048828125,68.54000091552734,4.58,15887.0
2024-12-05,2626.60009765625,68.30000305175781,4.58,15887.0
2024-12-06,2638.60009765625,67.19999694824219,4.58,15887.0
2024-12-09,2664.89990234375,68.37000274658203,4.58,15934.0
2024-12-10,2697.60009765625,68.58999633789062,4.58,15934.0
2024-12-11,2733.800048828125,70.29000091552734,4.58,15934.0
2024-12-12,2687.5,70.0199966430664,4.58,15934.0
2024-12-13,2656.0,71.29000091552734,4.58,15934.0
2024-12-16,2651.39990234375,70.70999908447266,4.58,16163.0
2024-12-17,2644.39990234375,70.08000183105469,4.58,16163.0
2024-12-18,2636.5,70.58000183105469,4.58,16163.0
2024-12-19,2592.199951171875,69.91000366210938,4.33,16163.0
2024-12-20,2628.699951171875,69.45999908447266,4.33,16163.0
2024-12-23,2612.300048828125,69.23999786376953,4.33,16200.0
2024-12-24,2620.0,70.0999984741211,4.33,16200.0
2024-12-26,2638.800048828125,69.62000274658203,4.33,16200.0
2024-12-27,2617.199951171875,70.5999984741211,4.33,16200.0
2024-12-30,2606.10009765625,70.98999786376953,4.33,16195.0
2024-12-31,2629.199951171875,71.72000122070312,4.33,16195.0
2025-01-02,2658.89990234375,73.12999725341797,4.33,16195.0
2025-01-03,2645.0,73.95999908447266,4.33,16195.0
2025-01-06,2638.39990234375,73.55999755859375,4.33,16190.0
2025-01-07,2656.699951171875,74.25,4.33,16190.0
2025-01-08,2664.5,73.31999969482422,4.33,16190.0
2025-01-09,2683.800048828125,73.91999816894531,4.33,16190.0
2025-01-10,2708.5,76.56999969482422,4.33,16190.0
2025-01-13,2673.5,78.81999969482422,4.33,16362.0
2025-01-14,2677.5,77.5,4.33,16362.0
2025-01-15,2712.5,80.04000091552734,4.33,16362.0
2025-01-16,2746.39990234375,78.68000030517578,4.33,16362.0
2025-01-17,2744.300048828125,77.87999725341797,4.33,16362.0
2025-01-20,2744.300048828125,77.87999725341797,4.33,16264.0
2025-01-21,2755.0,75.88999938964844,4.33,16264.0
2025-01-22,2767.60009765625,75.44000244140625,4.33,16264.0
2025-01-23,2763.10009765625,74.62000274658203,4.33,16264.0
2025-01-24,2777.300048828125,74.66000366210938,4.33,16264.0
2025-01-27,2737.5,73.16999816894531,4.33,16232.0
2025-01-28,2766.800048828125,73.7699966430664,4.33,16232.0
2025-01-29,2769.10009765625,72.62000274658203,4.33,16232.0
2025-01-30,2823.0,72.7300033569336,4.33,16232.0
2025-01-31,2812.5,72.52999877929688,4.33,16232.0
2025-02-03,2833.89990234375,73.16000366210938,4.33,16343.0
2025-02-04,2853.300048828125,72.69999694824219,4.33,16343.0
2025-02-05,2871.60009765625,71.02999877929688,4.33,16343.0
2025-02-06,2856.0,70.61000061035156,4.33,16343.0
2025-02-07,2867.300048828125,71.0,4.33,16343.0
2025-02-10,2914.300048828125,72.31999969482422,4.33,16331.0
2025-02-11,2912.5,73.31999969482422,4.33,16331.0
2025-02-12,2909.0,71.37000274658203,4.33,16331.0
2025-02-13,2925.89990234375,71.29000091552734,4.33,16331.0
2025-02-14,2883.60009765625,70.73999786376953,4.33,16331.0
2025-02-17,2883.60009765625,70.73999786376953,4.33,16309.0
2025-02-18,2931.60009765625,71.8499984741211,4.33,16309.0
2025-02-19,2919.39990234375,72.25,4.33,16309.0
2025-02-20,2940.0,72.56999969482422,4.33,16309.0
2025-02-21,2937.60009765625,70.4000015258789,4.33,16309.0
2025-02-24,2947.89990234375,70.69999694824219,4.33,16401.0
2025-02-25,2904.5,68.93000030517578,4.33,16401.0
2025-02-26,2916.800048828125,68.62000274658203,4.33,16401.0
2025-02-27,2883.199951171875,70.3499984741211,4.33,16401.0
2025-02-28,2836.800048828125,69.76000213623047,4.33,16401.0
2025-03-03,2890.199951171875,68.37000274658203,4.33,16372.0
2025-03-04,2909.60009765625,68.26000213623047,4.33,16372.0
2025-03-05,2915.300048828125,66.30999755859375,4.33,16372.0
2025-03-06,2916.60009765625,66.36000061035156,4.33,16372.0
2025-03-07,2904.699951171875,67.04000091552734,4.33,16372.0
2025-03-10,2891.0,66.02999877929688,4.33,16412.0
2025-03-11,2912.89990234375,66.25,4.33,16412.0
2025-03-12,2939.10009765625,67.68000030517578,4.33,16412.0
2025-03-13,2984.300048828125,66.55000305175781,4.33,16412.0
2025-03-14,2994.5,67.18000030517578,4.33,16412.0
2025-03-17,3000.0,67.58000183105469,4.33,16487.0
2025-03-18,3035.10009765625,66.9000015258789,4.33,16487.0
2025-03-19,3035.89990234375,67.16000366210938,4.33,16487.0
2025-03-20,3040.0,68.26000213623047,4.33,16487.0
2025-03-21,3018.199951171875,68.27999877929688,4.33,16487.0
2025-03-24,3013.10009765625,69.11000061035156,4.33,16582.0
2025-03-25,3023.699951171875,69.0,4.33,16582.0
2025-03-26,3020.89990234375,69.6500015258789,4.33,16582.0
2025-03-27,3060.199951171875,69.91999816894531,4.33,16582.0
2025-03-28,3086.5,69.36000061035156,4.33,16582.0
2025-03-31,3122.800048828125,71.4800033569336,4.33,16754.0
2025-04-01,3118.89990234375,71.19999694824219,4.33,16754.0
2025-04-02,3139.89990234375,71.70999908447266,4.33,16754.0
2025-04-03,3097.0,66.94999694824219,4.33,16754.0
2025-04-04,3012.0,61.9900016784668,4.33,16754.0
2025-04-07,2951.300048828125,60.70000076293945,4.33,16900.0
2025-04-08,2968.39990234375,59.58000183105469,4.33,16900.0
2025-04-09,3056.5,62.349998474121094,4.33,16900.0
2025-04-10,3155.199951171875,60.06999969482422,4.33,16900.0
2025-04-11,3222.199951171875,61.5,4.33,16900.0
2025-04-14,3204.800048828125,61.529998779296875,4.33,16833.0
2025-04-15,3218.699951171875,61.33000183105469,4.33,16833.0
2025-04-16,3326.60009765625,62.470001220703125,4.33,16833.0
2025-04-17,3308.699951171875,64.68000030517578,4.33,16833.0
2025-04-21,3406.199951171875,63.08000183105469,4.33,16856.0
2025-04-22,3400.800048828125,64.30999755859375,4.33,16856.0
2025-04-23,3276.300048828125,62.27000045776367,4.33,16856.0
2025-04-24,3332.0,62.790000915527344,4.33,16856.0
2025-04-25,3282.39990234375,63.02000045776367,4.33,16856.0
2025-04-28,3332.5,62.04999923706055,4.33,16658.0
2025-04-29,3318.800048828125,60.41999816894531,4.33,16658.0
2025-04-30,3305.0,58.209999084472656,4.33,16658.0
2025-05-01,3210.0,59.2400016784668,4.33,16658.0
2025-05-02,3231.89990234375,58.290000915527344,4.33,16658.0
2025-05-05,3311.300048828125,57.130001068115234,4.33,16482.0
2025-05-06,3411.39990234375,59.09000015258789,4.33,16482.0
2025-05-07,3381.39990234375,58.06999969482422,4.33,16482.0
2025-05-08,3296.60009765625,59.90999984741211,4.33,16482.0
2025-05-09,3335.39990234375,61.02000045776367,4.33,16482.0
2025-05-12,3220.0,61.95000076293945,4.33,16569.0
2025-05-13,3240.300048828125,63.66999816894531,4.33,16569.0
2025-05-14,3181.39990234375,63.150001525878906,4.33,16569.0
2025-05-15,3220.699951171875,61.619998931884766,4.33,16569.0
2025-05-16,3182.0,62.4900016784668,4.33,16569.0
2025-05-19,3228.89990234375,62.689998626708984,4.33,16361.0
2025-05-20,3280.300048828125,62.560001373291016,4.33,16361.0
2025-05-21,3309.300048828125,61.56999969482422,4.33,16361.0
2025-05-22,3292.300048828125,61.20000076293945,4.33,16361.0
2025-05-23,3363.60009765625,61.529998779296875,4.33,16361.0
2025-05-26,3363.60009765625,61.529998779296875,4.33,16296.0
2025-05-27,3299.10009765625,60.88999938964844,4.33,16296.0
2025-05-28,3293.60009765625,61.84000015258789,4.33,16296.0
2025-05-29,3317.10009765625,60.939998626708984,4.33,16296.0
2025-05-30,3288.89990234375,60.790000915527344,4.33,16296.0
2025-06-02,3370.60009765625,62.52000045776367,4.33,16295.0
2025-06-03,3350.199951171875,63.40999984741211,4.33,16295.0
2025-06-04,3373.5,62.849998474121094,4.33,16295.0
2025-06-05,3350.699951171875,63.369998931884766,4.33,16295.0
2025-06-06,3322.699951171875,64.58000183105469,4.33,16295.0
2025-06-09,3332.10009765625,65.29000091552734,4.33,16274.0
2025-06-10,3320.89990234375,64.9800033569336,4.33,16274.0
2025-06-11,3321.300048828125,68.1500015258789,4.33,16274.0
2025-06-12,3380.89990234375,68.04000091552734,4.33,16274.0
2025-06-13,3431.199951171875,72.9800033569336,4.33,16274.0
2025-06-16,3396.39990234375,71.7699966430664,4.33,16346.0
2025-06-17,3386.60009765625,74.83999633789062,4.33,16346.0
2025-06-18,3389.800048828125,75.13999938964844,4.33,16346.0
2025-06-20,3368.10009765625,74.93000030517578,4.33,16346.0
2025-06-23,3377.699951171875,68.51000213623047,4.33,16317.0
2025-06-24,3317.39990234375,64.37000274658203,4.33,16317.0
2025-06-25,3327.10009765625,64.91999816894531,4.33,16317.0
2025-06-26,3333.5,65.23999786376953,4.33,16317.0
2025-06-27,3273.699951171875,65.5199966430664,4.33,16317.0
2025-06-30,3294.39990234375,65.11000061035156,4.33,16217.0
2025-07-01,3336.699951171875,65.44999694824219,4.33,16217.0
2025-07-02,3348.0,67.44999694824219,4.33,16217.0
2025-07-03,3331.60009765625,67.0,4.33,16217.0
2025-07-04,3332.5,66.5,4.33,16217.0
2025-07-07,3332.199951171875,67.93000030517578,4.33,16248.0
2025-07-08,3307.0,68.33000183105469,4.33,16248.0
2025-07-09,3311.60009765625,68.37999725341797,4.33,16248.0
2025-07-10,3317.39990234375,66.56999969482422,4.33,16248.0
2025-07-11,3356.0,68.44999694824219,4.33,16248.0
2025-07-14,3351.5,66.9800033569336,4.33,16298.0
2025-07-15,3329.800048828125,66.5199966430664,4.33,16298.0
2025-07-16,3352.5,66.37999725341797,4.33,16298.0
2025-07-17,3340.10009765625,67.54000091552734,4.33,16298.0
2025-07-18,3353.0,67.33999633789062,4.33,16298.0
2025-07-21,3401.89990234375,67.19999694824219,4.33,16312.0
2025-07-22,3439.199951171875,66.20999908447266,4.33,16312.0
2025-07-23,3394.10009765625,65.25,4.33,16312.0
2025-07-24,3371.0,66.02999877929688,4.33,16312.0
2025-07-25,3334.0,65.16000366210938,4.33,16312.0
2025-07-28,3309.10009765625,66.70999908447266,4.33,16443.0
2025-07-29,3323.39990234375,69.20999908447266,4.33,16443.0
2025-07-30,3295.800048828125,70.0,4.33,16443.0
2025-07-31,3293.199951171875,69.26000213623047,4.33,16443.0
2025-08-01,3347.699951171875,67.33000183105469,4.33,16443.0
2025-08-04,3374.39990234375,66.29000091552734,4.33,16337.0
2025-08-05,3381.89990234375,65.16000366210938,4.33,16337.0
2025-08-06,3380.0,64.3499984741211,4.33,16337.0
2025-08-07,3400.300048828125,63.880001068115234,4.33,16337.0
2025-08-08,3439.10009765625,63.880001068115234,4.33,16337.0
2025-08-11,3353.10009765625,63.959999084472656,4.33,16208.0
2025-08-12,3348.89990234375,63.16999816894531,4.33,16208.0
2025-08-13,3358.699951171875,62.650001525878906,4.33,16208.0
2025-08-14,3335.199951171875,63.959999084472656,4.33,16208.0
2025-08-15,3336.0,62.79999923706055,4.33,16208.0
2025-08-18,3331.699951171875,63.41999816894531,4.33,16289.0
2025-08-19,3313.39990234375,62.349998474121094,4.33,16289.0
2025-08-20,3343.39990234375,63.209999084472656,4.33,16289.0
2025-08-21,3336.89990234375,63.52000045776367,4.33,16289.0
2025-08-22,3374.39990234375,63.65999984741211,4.33,16289.0
2025-08-25,3373.800048828125,64.80000305175781,4.33,16356.0
2025-08-26,3388.60009765625,63.25,4.33,16356.0
2025-08-27,3404.60009765625,64.1500015258789,4.33,16356.0
2025-08-28,3431.800048828125,64.5999984741211,4.33,16356.0
2025-08-29,3473.699951171875,64.01000213623047,4.33,16356.0
2025-09-01,3473.699951171875,64.01000213623047,4.33,16431.0
2025-09-02,3549.39990234375,65.58999633789062,4.33,16431.0
2025-09-03,3593.199951171875,63.970001220703125,4.33,16431.0
2025-09-04,3565.800048828125,63.47999954223633,4.33,16431.0
2025-09-05,3613.199951171875,61.869998931884766,4.33,16431.0
2025-09-08,3638.10009765625,62.2599983215332,4.33,16472.0
2025-09-09,3643.300048828125,62.630001068115234,4.33,16472.0
2025-09-10,3643.60009765625,63.66999816894531,4.33,16472.0
2025-09-11,3636.89990234375,62.369998931884766,4.33,16472.0
2025-09-12,3649.39990234375,62.689998626708984,4.33,16472.0
2025-09-15,3682.199951171875,63.29999923706055,4.33,16497.0
2025-09-16,3688.89990234375,64.5199966430664,4.33,16497.0
2025-09-17,3681.800048828125,64.05000305175781,4.33,16497.0
2025-09-18,3643.699951171875,63.56999969482422,4.08,16497.0
2025-09-19,3671.5,62.68000030517578,4.08,16497.0
2025-09-22,3740.699951171875,62.63999938964844,4.09,16685.0
2025-09-23,3780.60009765625,63.40999984741211,4.09,16685.0
2025-09-24,3732.10009765625,64.98999786376953,4.09,16685.0
2025-09-25,3736.89990234375,64.9800033569336,4.09,16685.0
2025-09-26,3775.300048828125,65.72000122070312,4.09,16685.0
2025-09-29,3820.89990234375,63.45000076293945,4.09,16632.0
2025-09-30,3840.800048828125,62.369998931884766,4.09,16632.0
2025-10-01,3867.5,61.779998779296875,4.09,16632.0
2025-10-02,3839.699951171875,60.47999954223633,4.09,16632.0
2025-10-03,3880.800048828125,60.880001068115234,4.09,16632.0
2025-10-06,3948.5,61.689998626708984,4.09,16586.0
2025-10-07,3976.60009765625,61.72999954223633,4.09,16586.0
2025-10-08,4043.300048828125,62.54999923706055,4.1,16586.0
2025-10-09,3946.300048828125,61.5099983215332,4.1,16586.0
2025-10-10,3975.89990234375,58.900001525878906,4.1,16586.0
2025-10-13,4108.60009765625,59.4900016784668,4.1,16600.0
2025-10-14,4138.7001953125,58.70000076293945,4.1,16600.0
2025-10-15,4176.89990234375,58.27000045776367,4.1,16600.0
2025-10-16,4280.2001953125,57.459999084472656,4.11,16600.0
2025-10-17,4189.89990234375,57.540000915527344,4.11,16600.0
2025-10-20,4336.39990234375,57.52000045776367,4.11,16603.0
2025-10-21,4087.699951171875,57.81999969482422,4.11,16603.0
2025-10-22,4044.39990234375,58.5,4.11,16603.0
2025-10-23,4125.5,61.790000915527344,4.11,16603.0
2025-10-24,4118.39990234375,61.5,4.11,16603.0
2025-10-27,4001.89990234375,61.310001373291016,4.12,16625.0
2025-10-28,3966.199951171875,60.150001525878906,4.12,16625.0
2025-10-29,3983.699951171875,60.47999954223633,4.12,16625.0
2025-10-30,4001.300048828125,60.56999969482422,3.87,16625.0
2025-10-31,3982.199951171875,60.97999954223633,3.86,16625.0
2025-11-03,4000.300048828125,61.04999923706055,3.87,16703.0
2025-11-04,3947.699951171875,60.560001373291016,3.87,16703.0
2025-11-05,3980.300048828125,59.599998474121094,3.87,16703.0
2025-11-06,3979.89990234375,59.43000030517578,3.87,16703.0
2025-11-07,3999.39990234375,59.75,3.87,16703.0
2025-11-10,4111.7998046875,60.130001068115234,3.87,16718.0
2025-11-11,4106.7998046875,61.040000915527344,3.87,16718.0
2025-11-12,4204.39990234375,58.4900016784668,3.87,16718.0
2025-11-13,4186.89990234375,58.689998626708984,3.88,16718.0
2025-11-14,4087.60009765625,60.09000015258789,3.88,16718.0
2025-11-17,4068.300048828125,59.90999984741211,3.88,16735.0
2025-11-18,4061.300048828125,60.7400016784668,3.88,16735.0
2025-11-19,4077.699951171875,59.439998626708984,3.88,16735.0
2025-11-20,4056.5,59.13999938964844,3.88,16735.0
2025-11-21,4076.699951171875,58.060001373291016,3.88,16735.0
2025-11-24,4091.89990234375,58.84000015258789,3.88,16638.0
2025-11-25,4139.2001953125,57.95000076293945,3.88,16638.0
2025-11-26,4165.2001953125,58.650001525878906,3.88,16638.0
2025-11-28,4218.2998046875,58.54999923706055,3.89,16638.0
2025-12-01,4239.2998046875,59.31999969482422,3.89,16633.0
2025-12-02,4186.60009765625,58.63999938964844,3.89,16633.0
2025-12-03,4199.2998046875,58.95000076293945,3.89,16633.0
2025-12-04,4211.7998046875,59.66999816894531,3.89,16633.0
2025-12-05,4212.89990234375,60.08000183105469,3.89,16633.0
2025-12-08,4187.2001953125,58.880001068115234,3.89,16676.0
2025-12-09,4206.7001953125,58.25,3.89,16676.0
2025-12-10,4196.39990234375,58.459999084472656,3.89,16676.0
2025-12-11,4285.5,57.599998474121094,3.64,16676.0
2025-12-12,4300.10009765625,57.439998626708984,3.64,16676.0
2025-12-15,4306.7001953125,56.81999969482422,3.64,16699.0
2025-12-16,4304.5,55.27000045776367,3.64,16699.0
2025-12-17,4347.5,55.939998626708984,3.64,16699.0
2025-12-18,4339.5,56.150001525878906,3.64,16699.0
2025-12-19,4361.39990234375,56.65999984741211,3.64,16699.0
2025-12-22,4444.60009765625,58.0099983215332,3.64,16770.0
2025-12-23,4482.7998046875,58.380001068115234,3.64,16770.0
2025-12-24,4480.60009765625,58.349998474121094,3.64,16770.0
2025-12-26,4529.10009765625,56.7400016784668,3.64,16770.0
2025-12-29,4325.10009765625,58.08000183105469,3.64,16750.0
2025-12-30,4370.10009765625,57.95000076293945,3.64,16750.0
2025-12-31,4325.60009765625,57.41999816894531,3.64,16750.0
2025-12-31,GC=F,CL=F,3.64,16750.0
